{"loss": [1.9875469207763672, 1.8925849199295044, 1.867469072341919, 1.8507839441299438, 1.833696961402893, 1.819981575012207, 1.8090590238571167, 1.7988632917404175, 1.7902476787567139, 1.7818158864974976, 1.7753348350524902, 1.7694242000579834, 1.7634738683700562, 1.7599364519119263, 1.7563178539276123, 1.7521531581878662, 1.7489265203475952, 1.7447278499603271, 1.741422176361084, 1.7354332208633423, 1.7342991828918457, 1.7321162223815918, 1.7289350032806396, 1.7239742279052734, 1.7233368158340454, 1.719428539276123, 1.7147101163864136, 1.7150148153305054, 1.7126293182373047, 1.709282398223877, 1.7070810794830322, 1.7041571140289307, 1.702150821685791, 1.7016161680221558, 1.697150707244873, 1.6953991651535034, 1.6954783201217651, 1.6917003393173218, 1.6897646188735962, 1.6913819313049316, 1.685795545578003, 1.6838608980178833, 1.6811456680297852, 1.6804629564285278, 1.6773772239685059, 1.6780542135238647, 1.6746336221694946, 1.67056143283844, 1.6687912940979004, 1.6682945489883423, 1.6650662422180176, 1.6619752645492554, 1.6617255210876465, 1.6611223220825195, 1.6572009325027466, 1.6575734615325928, 1.6519882678985596, 1.652522087097168, 1.6500158309936523, 1.6474058628082275, 1.645761489868164, 1.6438199281692505, 1.6431351900100708, 1.6407535076141357, 1.6399528980255127, 1.6399798393249512, 1.6371150016784668, 1.6333115100860596, 1.6323347091674805, 1.630898356437683, 1.6284370422363281, 1.6295547485351562, 1.6272358894348145, 1.6244770288467407, 1.6246494054794312, 1.620361328125, 1.6208103895187378, 1.6170122623443604, 1.6154484748840332, 1.6147029399871826, 1.6150166988372803, 1.612544059753418, 1.61003577709198, 1.6058661937713623, 1.605292797088623, 1.60500168800354, 1.6006977558135986, 1.6037267446517944, 1.5986418724060059, 1.5973446369171143, 1.5961048603057861, 1.592896819114685, 1.5946470499038696, 1.5885108709335327, 1.5932894945144653, 1.588566780090332, 1.5896837711334229, 1.5879161357879639, 1.5842244625091553, 1.5844272375106812, 1.5826719999313354, 1.580241322517395, 1.5792769193649292, 1.5741406679153442, 1.576969861984253, 1.5753936767578125, 1.5749460458755493, 1.571195363998413, 1.569743037223816, 1.5692962408065796, 1.5687237977981567, 1.5675146579742432, 1.5650851726531982, 1.5640385150909424, 1.5639228820800781, 1.5618447065353394, 1.5600725412368774, 1.558924913406372, 1.5585277080535889, 1.5553699731826782], "val_loss": [2.1470248699188232, 2.073613405227661, 2.062934160232544, 2.0081613063812256, 1.918648600578308, 1.9192641973495483, 1.8345290422439575, 1.8153555393218994, 1.8093973398208618, 1.7938240766525269, 1.793332576751709, 1.8260959386825562, 1.767303228378296, 1.7681115865707397, 1.780076265335083, 1.8251261711120605, 1.7600773572921753, 1.7821698188781738, 1.755137324333191, 1.7560416460037231, 1.7725138664245605, 1.777194619178772, 1.7490460872650146, 1.7437646389007568, 1.7515883445739746, 1.745876431465149, 1.7612768411636353, 1.7358976602554321, 1.7353695631027222, 1.8213709592819214, 1.7388747930526733, 1.73933744430542, 1.7361621856689453, 1.7384059429168701, 1.732945442199707, 1.828245997428894, 1.734702229499817, 1.7319071292877197, 1.7318201065063477, 1.7299011945724487, 1.7253321409225464, 1.7353174686431885, 1.726732611656189, 1.7311780452728271, 1.7222923040390015, 1.7311441898345947, 1.7359873056411743, 1.7361270189285278, 1.7240490913391113, 1.7308931350708008, 1.733447551727295, 1.7259434461593628, 1.7307469844818115, 1.7248234748840332, 1.7304348945617676, 1.7232942581176758, 1.7312744855880737, 1.7317677736282349, 1.7183369398117065, 1.7218703031539917, 1.7311593294143677, 1.730116367340088, 1.7198171615600586, 1.7190693616867065, 1.724599003791809, 1.7235139608383179, 1.7326443195343018, 1.720848560333252, 1.7301498651504517, 1.7285517454147339, 1.7313916683197021, 1.7339537143707275, 1.7260878086090088, 1.736003041267395, 1.726485252380371, 1.7324475049972534, 1.7220312356948853, 1.754550814628601, 1.7300844192504883, 1.7292970418930054, 1.7384527921676636, 1.7272729873657227, 1.7268939018249512, 1.7314082384109497, 1.7394970655441284, 1.7278907299041748, 1.7326511144638062, 1.7356868982315063, 1.7359291315078735, 1.7359813451766968, 1.7400821447372437, 1.7352432012557983, 1.7395896911621094, 1.7374950647354126, 1.7370009422302246, 1.7435925006866455, 1.7388771772384644, 1.7385694980621338, 1.7394994497299194, 1.7372255325317383, 1.7428157329559326, 1.7381763458251953, 1.7473442554473877, 1.7429126501083374, 1.75009286403656, 1.7421598434448242, 1.7400932312011719, 1.7539502382278442, 1.7462162971496582, 1.7462425231933594, 1.7491672039031982, 1.753685474395752, 1.7488864660263062, 1.7504146099090576, 1.7505699396133423, 1.7490651607513428, 1.7508536577224731, 1.7506076097488403, 1.744613766670227, 1.7509649991989136], "accuracy": [0.32293206453323364, 0.395187109708786, 0.4216518998146057, 0.44399312138557434, 0.4561792314052582, 0.48061299324035645, 0.48725998401641846, 0.49532249569892883, 0.5051082968711853, 0.5139709711074829, 0.5209872126579285, 0.5259724259376526, 0.5272648930549622, 0.5324963331222534, 0.5372353792190552, 0.5402511358261108, 0.54283607006073, 0.5441285371780396, 0.5486829280853271, 0.5561915040016174, 0.554283618927002, 0.5574224591255188, 0.5630231499671936, 0.5620384216308594, 0.5669005513191223, 0.5701624751091003, 0.5748400092124939, 0.5736706256866455, 0.5782865285873413, 0.5779788494110107, 0.5836410522460938, 0.5852412581443787, 0.584687352180481, 0.5882570147514343, 0.5894263982772827, 0.5930576324462891, 0.591334342956543, 0.5942269563674927, 0.5951501727104187, 0.5953963398933411, 0.6018586754798889, 0.6053052544593811, 0.6079517602920532, 0.606967031955719, 0.6125061511993408, 0.6116445064544678, 0.613552451133728, 0.6152757406234741, 0.6203840374946594, 0.6196454763412476, 0.6204456090927124, 0.6235844492912292, 0.6216149926185608, 0.6261693835258484, 0.6282004117965698, 0.6299852132797241, 0.6325701475143433, 0.63490891456604, 0.6368783712387085, 0.6418635845184326, 0.6390940546989441, 0.6418020725250244, 0.6425406336784363, 0.6445100903511047, 0.6459872126579285, 0.6494337916374207, 0.649679958820343, 0.6531265377998352, 0.6514648199081421, 0.6537420153617859, 0.6569423675537109, 0.6597119569778442, 0.6617429852485657, 0.6634662747383118, 0.65872722864151, 0.6651895642280579, 0.6652511358261108, 0.6696208715438843, 0.6713441610336304, 0.6708518266677856, 0.6703594326972961, 0.674359917640686, 0.6699901819229126, 0.6824224591255188, 0.6818069815635681, 0.6826686263084412, 0.6857459545135498, 0.6828532814979553, 0.6851304769515991, 0.6903619170188904, 0.689130961894989, 0.6928852796554565, 0.6925775408744812, 0.6968242526054382, 0.69245445728302, 0.6975627541542053, 0.6916543841362, 0.6988552212715149, 0.7045789957046509, 0.6987321376800537, 0.7033481001853943, 0.7101796865463257, 0.7071024179458618, 0.7123953700065613, 0.709625780582428, 0.7104259133338928, 0.712949275970459, 0.7139955759048462, 0.7189807891845703, 0.7184884548187256, 0.7159650325775146, 0.7231043577194214, 0.7225504517555237, 0.7259355187416077, 0.7247045636177063, 0.7232275009155273, 0.7249507904052734, 0.7276588082313538, 0.7273510694503784, 0.7320285439491272],