{"loss": [1.9936764240264893, 1.896193504333496, 1.8688721656799316, 1.8449337482452393, 1.8294570446014404, 1.8156017065048218, 1.8010146617889404, 1.7936880588531494, 1.7836402654647827, 1.7769832611083984, 1.7697467803955078, 1.7663482427597046, 1.7614481449127197, 1.7576241493225098, 1.7527936697006226, 1.7507896423339844, 1.7435535192489624, 1.7423044443130493, 1.7383136749267578, 1.7348062992095947, 1.733049750328064, 1.7321447134017944, 1.7268955707550049, 1.724432349205017, 1.720873236656189, 1.7182987928390503, 1.7163609266281128, 1.712917447090149, 1.7124512195587158, 1.7068510055541992, 1.7044272422790527, 1.7034889459609985, 1.7001087665557861, 1.7015970945358276, 1.6961816549301147, 1.695155143737793, 1.691856026649475, 1.6909472942352295, 1.6885429620742798, 1.6859171390533447, 1.683402419090271, 1.6820365190505981, 1.6805756092071533, 1.677053689956665, 1.6728883981704712, 1.6722742319107056, 1.6738303899765015, 1.6713393926620483, 1.6667213439941406, 1.664926290512085, 1.6660423278808594, 1.6612963676452637, 1.6603093147277832, 1.6570976972579956, 1.6578621864318848, 1.6565353870391846, 1.6511963605880737, 1.64992356300354, 1.6489672660827637, 1.6472795009613037, 1.6494979858398438, 1.6468967199325562, 1.642675518989563, 1.642237663269043, 1.641423225402832, 1.6409605741500854, 1.6370387077331543, 1.633396029472351, 1.6333729028701782, 1.6322652101516724, 1.6285759210586548, 1.6287121772766113, 1.626285433769226, 1.6264543533325195, 1.624395728111267, 1.622186303138733, 1.6224870681762695, 1.6194108724594116, 1.617112636566162, 1.6134592294692993, 1.6147760152816772, 1.614368200302124, 1.6126068830490112, 1.6102298498153687, 1.6081093549728394, 1.6047135591506958, 1.6067745685577393, 1.6029443740844727, 1.6026843786239624, 1.5988508462905884, 1.5969436168670654, 1.5971248149871826, 1.5939892530441284, 1.5944105386734009, 1.5922907590866089, 1.587247610092163, 1.5916458368301392, 1.58811616897583, 1.5871148109436035, 1.5860267877578735, 1.5824984312057495, 1.5832816362380981, 1.5804482698440552, 1.5790579319000244, 1.5791690349578857, 1.5782911777496338, 1.5755518674850464, 1.5734384059906006, 1.5717144012451172, 1.5721442699432373, 1.5702979564666748, 1.568006157875061, 1.5652657747268677, 1.565170407295227, 1.562448263168335, 1.564469814300537, 1.5614145994186401, 1.5610984563827515, 1.5613442659378052, 1.5609146356582642], "val_loss": [2.2485508918762207, 2.2026610374450684, 2.150242328643799, 1.8987743854522705, 1.8565452098846436, 1.8246268033981323, 1.8430118560791016, 1.8058592081069946, 1.8267112970352173, 1.8326847553253174, 1.8700040578842163, 1.7825649976730347, 1.771172046661377, 1.763559103012085, 1.7664353847503662, 1.7550071477890015, 1.753568172454834, 1.8251017332077026, 1.7833958864212036, 2.0655906200408936, 1.755096435546875, 1.7695063352584839, 1.7449891567230225, 1.7388426065444946, 1.8031949996948242, 1.7466909885406494, 1.7627979516983032, 1.7373161315917969, 1.7346686124801636, 2.1786844730377197, 1.7373788356781006, 1.7504366636276245, 1.7384264469146729, 1.748209834098816, 1.7313815355300903, 1.73529052734375, 1.7264419794082642, 1.7353832721710205, 1.818918228149414, 1.730364441871643, 1.723758339881897, 1.7283235788345337, 1.725620985031128, 1.7245279550552368, 1.7270402908325195, 1.7395330667495728, 1.7207385301589966, 1.7160487174987793, 2.0154223442077637, 1.7194911241531372, 1.7571204900741577, 1.7222716808319092, 1.7269178628921509, 1.722123146057129, 1.71957528591156, 1.7171391248703003, 1.7257264852523804, 1.7199091911315918, 1.7169376611709595, 1.7225489616394043, 1.7215545177459717, 1.903221607208252, 1.7263612747192383, 1.720784068107605, 1.7320339679718018, 1.7192291021347046, 1.7211358547210693, 1.7186026573181152, 1.714752197265625, 1.7212872505187988, 1.724090576171875, 1.7193291187286377, 1.7242382764816284, 1.72174870967865, 1.72512948513031, 1.729413628578186, 1.722743272781372, 1.7210454940795898, 1.7283951044082642, 1.7239044904708862, 1.727092981338501, 1.7266809940338135, 1.7257417440414429, 1.7296158075332642, 1.726792812347412, 1.732848882675171, 1.731331706047058, 1.7248122692108154, 1.7355984449386597, 1.7311502695083618, 1.7310019731521606, 1.7349767684936523, 1.7348743677139282, 1.7313991785049438, 1.7294496297836304, 1.7343298196792603, 1.7366909980773926, 1.7320412397384644, 1.7408652305603027, 1.737926721572876, 1.7389951944351196, 1.776774287223816, 1.74834144115448, 1.7475391626358032, 1.7394123077392578, 1.7350883483886719, 1.7497378587722778, 1.7406880855560303, 1.7378599643707275, 1.7463698387145996, 1.7415571212768555, 1.7430384159088135, 1.749428153038025, 1.7455532550811768, 1.7456612586975098, 1.745628833770752, 1.7445086240768433, 1.7543693780899048, 1.7511005401611328, 1.7512809038162231], "accuracy": [0.3264401853084564, 0.39894139766693115, 0.4207287132740021, 0.45076316595077515, 0.4690423309803009, 0.4835672080516815, 0.4959995150566101, 0.5026465058326721, 0.5113860368728638, 0.5157557725906372, 0.520494818687439, 0.5267724990844727, 0.5298498272895813, 0.530403733253479, 0.5382816195487976, 0.5382201075553894, 0.5482521057128906, 0.5490521788597107, 0.552683413028717, 0.555145263671875, 0.5561299920082092, 0.5600073933601379, 0.5629000663757324, 0.5659773349761963, 0.5692393183708191, 0.5695469975471497, 0.5695469975471497, 0.5750246047973633, 0.575640082359314, 0.5811176896095276, 0.5840718746185303, 0.584687352180481, 0.5861644744873047, 0.584625780582428, 0.5937961339950562, 0.595457911491394, 0.5950886011123657, 0.5973658561706543, 0.6024125814437866, 0.6016125082969666, 0.6055514812469482, 0.6010586023330688, 0.6063515543937683, 0.608444094657898, 0.6130600571632385, 0.6125061511993408, 0.610228955745697, 0.6164451241493225, 0.6172451972961426, 0.621738076210022, 0.6200147867202759, 0.6236459612846375, 0.6221073269844055, 0.6293082237243652, 0.6288158297538757, 0.6312776803970337, 0.634047269821167, 0.6342319250106812, 0.6357089877128601, 0.6376785039901733, 0.6351550817489624, 0.6370014548301697, 0.6416789889335632, 0.6436484456062317, 0.6434637904167175, 0.643032968044281, 0.6491260528564453, 0.6526957154273987, 0.6489413976669312, 0.6472181081771851, 0.6572501063346863, 0.6570039391517639, 0.6567577719688416, 0.6576809287071228, 0.6584194898605347, 0.6613737344741821, 0.6641432642936707, 0.6658050417900085, 0.6662358641624451, 0.6689438819885254, 0.6695593595504761, 0.6705440878868103, 0.6728827953338623, 0.674359917640686, 0.6795297861099243, 0.677683413028717, 0.6770679354667664, 0.6835918426513672, 0.6842072606086731, 0.6864229440689087, 0.6857459545135498, 0.6919005513191223, 0.6906080842018127, 0.6906080842018127, 0.6927621960639954, 0.694854736328125, 0.6959010362625122, 0.6972550749778748, 0.6961472034454346, 0.7018094658851624, 0.701501727104187, 0.704763650894165, 0.7079640626907349, 0.7095026969909668, 0.7051329612731934, 0.70716392993927, 0.7103643417358398, 0.7111029028892517, 0.7106105089187622, 0.7156572937965393, 0.712949275970459, 0.7205809950828552, 0.722058117389679, 0.7189192771911621, 0.7211964726448059, 0.7251353859901428, 0.7260586023330688, 0.7280280590057373, 0.7239660024642944, 0.7245199680328369],